Association,Name,RA_deg,Dec_deg,V,SpType,D_pc,P_percentage,Ref,notes
beta Pic,HD 203,1.70875,-23.1075,6.19,F3V,39,75,Z,H
beta Pic,HIP 10679,34.352917,28.741944,7.75,G2V,39,100,Z,
beta Pic,HD 14062,34.355,28.745278,6.99,F5V,40,95,Z,
beta Pic,HD 15115,36.5675,6.2925,6.79,F4IV,45,60,M,H
beta Pic,BD+30 397B,36.867083,30.978056,12.44,M2Ve,43,90,Z,
beta Pic,AG Tri,36.872083,30.973611,10.12,K6Ve,43,100,Z,
beta Pic,BD+05 378,40.357917,5.988333,10.37,K6Ve,39,95,"Z,S",
beta Pic,HD 29391,69.400417,-2.473333,5.22,F0V,30,100,Z,H
beta Pic,GJ 3305,69.40625,-2.474444,10.59,M1Ve,30,100,Z,H
beta Pic,V1005 Ori,74.895,1.783611,10.05,M0Ve,24,100,S,
beta Pic,CD-57 1054,75.19625,-57.256944,10.00,M0Ve,26,100,"Z,S",H
beta Pic,HIP 23418,75.495,9.983333,11.95,M3Ve,34,100,Z,*
beta Pic,BD-21 1074BC,76.70625,-21.584444,11.61,M3Ve,18,100,"S,B",*
beta Pic,BD-21 1074A,76.707917,-21.585833,10.29,M1Ve,18,100,"S,B",
beta Pic,AF Lep,81.769583,-11.900833,6.56,F7V,27,100,Z,*;H
beta Pic,V1311 Ori,83.01875,-3.091389,11.52,M2Ve,36,95,"S,B",
beta Pic,beta Pic,86.82125,-51.066667,3.77,A3V,19,100,Z,H
beta Pic,AO Men,94.6175,-72.044722,9.80,K4Ve,39,95,"Z,S",H
beta Pic,HD 139084B,234.736667,-57.705278,14.80,M5Ve,40,95,"Z,S",H
beta Pic,V343 Nor,234.74,-57.707222,7.97,K0V,40,90,"Z,S",H
beta Pic,hip 79881,244.574583,-28.613889,4.80,A0,23.2,85,,H;C
beta Pic,V824 Ara,259.35625,-66.951111,7.23,G7IV,31,100,"Z,S",*;H
beta Pic,HD 155555C,259.380417,-66.951667,12.82,M3Ve,31,100,"Z,S",H
beta Pic,GSC8350-1924,262.33625,-50.248056,13.47,M3Ve,76,95,B,*
beta Pic,CD-54 7336,262.479583,-54.263611,9.55,K1V,66,90,S,
beta Pic,HD 161460,267.140833,-53.111944,9.61,K0IV,74,90,S,*
beta Pic,HD 164249,270.764167,-51.648889,7.01,F6V,47,100,Z,H
beta Pic,HD 164249B,270.767083,-51.648889,12.5,M2Ve,47,100,T,H
beta Pic,HD 165189,271.707917,-43.425278,5.67,A5V,44,100,Z,*;H
beta Pic,V4046 Sgr,273.54375,-32.7925,10.94,K6Ve,73,95,T,*
beta Pic,GSC7396-0759,273.592083,-32.769444,12.78,M1Ve,73,90,T,
beta Pic,HD 168210,274.9675,-29.275833,8.89,G5V,75,90,S,H
beta Pic,HD 172555,281.362083,-64.870833,4.78,A6IV,29,100,Z,H
beta Pic,CD-64 1208,281.40375,-64.863333,9.54,K5Ve,29,100,Z,H
beta Pic,TYC9073-0762,281.719167,-62.176667,12.08,M1Ve,54,100,S,
beta Pic,CD-31 16041,282.685417,-31.796389,11.20,K7Ve,51,95,S,
beta Pic,PZ Tel,283.274583,-50.180278,8.29,G9IV,50,100,"Z,S",H
beta Pic,TYC6872-1011,284.5175,-29.884722,11.78,M0Ve,79,95,S,
beta Pic,CD-26 13904,287.935833,-26.069167,10.39,K4V(e),80,95,S,*
beta Pic,eta Tel,290.713333,-54.423611,5.02,A0V,48,100,Z,H
beta Pic,HD 181327,290.745417,-54.538056,7.03,F6V,51,100,Z,H
beta Pic,HD 191089,302.271667,-26.224167,7.18,F5V,53,100,M,H
beta Pic,AT MicB,310.462917,-32.436111,11.09,M4Ve,9.5,100,"Z,S",*
beta Pic,AT MicA,310.463333,-32.435278,10.99,M4Ve,9.5,100,"Z,S",*
beta Pic,AU Mic,311.289583,-31.340833,8.73,M1Ve,10,100,"Z,S",H
beta Pic,HD 199143,313.94875,-17.114167,7.35,F7V,48,75,Z,*;H
beta Pic,AZ Cap,314.01125,-17.181667,10.62,K6Ve,47,95,"Z,S",*
beta Pic,CP-72 2713,340.704167,-71.705833,10.60,K7Ve,36,100,S,
beta Pic,WW PsA,341.241667,-33.250556,12.07,M4Ve,20,100,"Z,S",
beta Pic,TX PsA,341.25,-33.257222,13.36,M5Ve,20,100,"Z,S",
beta Pic,BD-13 6424,353.12875,-12.264444,10.54,M0Ve,28,100,S,
Tuc-Hor,HD 105,1.46875,-41.753056,7.53,G0V,40,100,"Z,S",H
Tuc-Hor,HD 987,3.470833,-74.688333,8.78,G8V,44,100,"Z,S",H
Tuc-Hor,HD 1466,4.60875,-63.4775,7.45,F8V,41,100,Z,H
Tuc-Hor,HIP 1910,6.0375,-62.184444,11.49,M0Ve,44,100,Z,*
Tuc-Hor,CT Tuc,6.31125,-61.513333,11.47,M0Ve,43,100,Z,
Tuc-Hor,HD 2884,7.88625,-62.958333,4.36,B9V,43,90,Z,H
Tuc-Hor,HD 2885,7.889583,-62.965556,4.77,A2V,46,100,Z,*
Tuc-Hor,HD 3003,8.182917,-63.031389,5.07,A0V,47,100,Z,H
Tuc-Hor,HD 3221,8.713333,-61.916111,9.61,K4Ve,46,100,"Z,S",H
Tuc-Hor,CD-78 24,10.584583,-77.794444,10.21,K3Ve,50,100,S,
Tuc-Hor,HD 8558,20.83875,-57.480833,8.51,G7V,49,100,"Z,S",H
Tuc-Hor,CC Phe,22.03625,-52.638611,9.07,K1V,37,100,"Z,S",H
Tuc-Hor,DK Cet,29.454167,-21.901389,8.66,G4V,42,100,"Z,S",*;H
Tuc-Hor,HD 13183,31.825417,-53.199167,8.63,G7V,50,100,"Z,S",H
Tuc-Hor,HD 13246,31.85875,-59.679444,7.50,F7V,45,100,"Z,S",H
Tuc-Hor,CD-60 416,31.884167,-59.6725,10.68,K5Ve,48,100,"Z,S",
Tuc-Hor,phi Eri,34.1275,-51.512222,3.56,B8V,47,100,Z,H
Tuc-Hor,epsilon Hyi,39.8975,-68.266944,4.12,B9IV,47,85,Z,H
Tuc-Hor,CD-53 544,40.445,-52.997778,10.22,K6Ve,42,100,"Z,S",
Tuc-Hor,AF Hor,40.447083,-52.991944,12.21,M2Ve,42,100,"Z,S",
Tuc-Hor,CD-58 553,40.6375,-57.660278,10.98,K5Ve,50,100,"Z,S",
Tuc-Hor,CD-35 1167,49.78625,-35.116667,11.12,K7Ve,44,100,S,
Tuc-Hor,CD-46 1064,52.704583,-45.9325,9.55,K3Ve,44,100,S,
Tuc-Hor,CD-44 1173,52.982083,-43.987222,10.90,K6Ve,42,100,S,
Tuc-Hor,HD 22213,53.568333,-12.068611,8.85,G7V,48,95,S,
Tuc-Hor,HD 22705,54.2225,-49.958056,7.65,G2V,42,100,Z,*;H
Tuc-Hor,BD-12 943,69.19625,-12.155833,9.86,K0V,69,100,S,
Tuc-Hor,HD 29615,69.682917,-27.033889,8.47,G3V,55,100,"Z,S",H
Tuc-Hor,HD 30051,70.821667,-23.628333,7.12,F2IV,58,100,Z,H
Tuc-Hor,TYC8083-0455,72.002917,-50.690556,11.53,K7Ve,46,90,S,
Tuc-Hor,HD 32195,72.021667,-80.779167,8.14,F7V,60,80,Z,H
Tuc-Hor,BD-20 951,73.20625,-19.917222,10.33,K1V(e),72,90,S,*
Tuc-Hor,BD-19 1062,74.883333,-19.295,10.65,K3V(e),68,90,S,
Tuc-Hor,BD-09 1108,78.902083,-9.514167,9.79,G5V,78,85,S,
Tuc-Hor,CD-30 2310,79.62125,-30.025556,11.66,K4Ve,65,90,S,
Tuc-Hor,T8096-0414,83.356667,-51.286944,11.74,K7Ve,22.6,,90,C
Tuc-Hor,CD-39 2075,84.272083,-39.540556,9.52,K1V(e),16.4,,,C
Tuc-Hor,HD 42270,88.372083,-81.9425,9.14,K0V(e),18.3,,,C
Tuc-Hor,alpha Pav,306.412083,-56.735,1.91,B2IV,56,100,Z,H
Tuc-Hor,HD 202917,320.208333,-53.034167,8.69,G7V,46,100,"Z,S",H
Tuc-Hor,T9486-0927,321.365,-81.641111,11.85,M2Ve,28.7,,,C
Tuc-Hor,HIP 107345,326.125417,-60.9775,11.61,M0Ve,47,100,"Z,S",
Tuc-Hor,HD 207575,328.040417,-62.0525,7.22,F6V,45,100,Z,H
Tuc-Hor,HD 207964,328.7975,-61.886667,6.56,F0IV,47,100,Z,*;H
Tuc-Hor,TYC9344-0293,351.544583,-73.397222,11.83,M0Ve,46,100,S,*
Tuc-Hor,CD-86 147,351.955833,-86.221944,9.29,G8IV,60,85,S,
Tuc-Hor,HD 222259B,354.912917,-69.194444,9.84,K3Ve,46,100,"Z,S",H
Tuc-Hor,DS Tuc,354.914583,-69.195833,8.49,G6V,46,100,"Z,S",H
Columba,CD-52 381,28.060833,-52.325833,10.89,K2V(e),92,80,S,*
Columba,BD-16 351,30.398333,-16.166944,10.33,K1V(e),78,95,S,
Columba,CD-44 753,37.635,-43.706389,10.42,K5V(e),52,70,S,
Columba,BD-11 648,50.457083,-10.871667,11.32,K0Ve,127,75,S,
Columba,V1221 Tau,52.0625,4.163333,9.70,K0,84,60,"S,zi",*
Columba,HD 21955,52.836667,-30.516389,9.93,G7IVe,122,70,S,*
Columba,HD 21997,52.973333,-25.614167,6.38,A3V,73,80,M,H
Columba,BD-04 700,59.405,-4.271111,10.61,G8V(e),103,85,S,
Columba,BD-15 705,60.56875,-15.358333,10.17,K3(e),49,75,"z,S",
Columba,HD 26980,63.594167,-38.317222,9.08,G3V,83,90,S,H
Columba,HD 27679,65.292917,-24.539167,9.43,G2V,75,95,S,
Columba,CD-43 1395,65.452917,-43.2925,10.18,G7V,143,100,S,
Columba,CD-44 1533,65.69,-44.547778,10.47,K0V,90,30,S,C
Columba,CD-44 1568,66.835417,-44.344167,10.91,K1V(e),92,60,S,C
Columba,CD-36 1785,68.711667,-35.789167,10.84,K1Ve,77,85,S,
Columba,HD 30447,71.70625,-26.3025,7.85,F3V,78,60,M,H
Columba,GSC8077-1788,72.970833,-46.791944,13.03,M0Ve,80,85,S,
Columba,HD 31242,72.973333,-46.786944,9.85,G5V,72,85,S,
Columba,HD 272836,73.271667,-48.744167,10.78,K2V(e),76,80,S,
Columba,TYC5900-1180,74.649167,-15.625278,11.15,G9V,152,90,S,
Columba,BD-08 995,74.7025,-8.727778,10.32,K0V,83,85,S,
Columba,HD 32372,75.21625,-41.018611,9.50,G5V,72,95,S,H
Columba,AS Col,80.158333,-39.755,7.34,F6V,46,70,z,H
Columba,BD-08 1115,81.155417,-8.700556,9.88,G7V(e),118,80,S,
Columba,HD 35841,81.6525,-22.49,8.91,F3V,96,65,M,
Columba,HD 274561,82.229583,-45.582778,11.45,K1V(e),78,75,S,
Columba,HD 36329,82.350417,-34.515556,9.22,G3V,75,95,S,*;H
Columba,HD 269620,82.363333,-68.868056,9.56,G6V,9.9,,,C
Columba,AG Lep,82.579167,-19.275556,9.62,G6V,111,95,S,
Columba,AT Col,84.272083,-39.540556,9.52,K1V(e),50,95,"z,S",C
Columba,HD 37484,84.415,-28.626389,7.26,F4V,60,55,M,H;C
Columba,HD 2699217,84.643333,-68.885278,10.28,G7V,11.3,,,C
Columba,BD-08 1195,84.645833,-8.944444,9.84,G7V,83,80,S,
Columba,HD 38207,85.8375,-20.189167,8.46,F2V,93,80,M,
Columba,HD 38206,85.840417,-18.5575,5.73,A0V,69,95,M,H
Columba,CD-38 2198,86.317917,-38.613611,10.95,G9V,90,85,s,
Columba,CD-29 2531,87.589167,-29.255833,11.31,K0V(e),149,95,S,
Columba,CD-52 1363,87.754583,-52.636944,10.61,G9IV,106,85,S,
Columba,HD 42270,88.372083,-81.948056,9.14,K0V,17.3,,,C
Columba,HD 40216,88.929583,-38.104444,7.46,F7V,54,80,z,H
Columba,V1358 Ori,94.78375,-3.438889,7.91,F9V,50,45,z,H;C
Columba,AB Pic,94.804167,-58.054444,9.13,K1V(e),,22.0,,C
Columba,CD-40 2458,96.52875,-41.048333,10.00,K0V,91,70,S,
Columba,CD-48 2324,97.025417,-48.448056,11.08,G9V,135,60,S,
Columba,TYC4810-0181,97.98,-7.083056,11.80,K3Ve,96,70,S,
Columba,CD-37 2984,99.945417,-37.836111,10.72,K1V,16.3,,,C
Columba,HD 295290,100.092917,-3.533056,9.00,K0V(e),65,55,S,C
Columba,HD 48370,100.754167,-2.888611,7.92,G8V,35,70,S,
Columba,CD 49885,100.942917,-71.976667,8.94,G6V,,17.7,,C
Columba,CD-41 2572,101.407917,-41.211389,10.82,K0V,82,45,S,C
Columba,CD-36 3202,103.195,-36.604722,11.22,K2V(e),135,100,S,
Columba,HD 51797,104.097917,-46.781944,9.84,K0V(e),75,80,S,
Columba,CD-39 3026,105.465833,-39.367778,11.05,G9V(e),189,75,S,
Columba,HD 62237,115.610833,-16.283333,9.88,G5V,104,85,S,*
Carina,HD 8813,20.857917,-76.611667,8.37,G6V,48,60,S,H;C
Carina,HD 42270,88.372083,-81.948056,9.14,K0V,59,70,S,
Carina,HD 40216,88.929583,-38.104444,7.46,F7V,,18.5,80,C
Carina,V1358 Ori,94.78375,-3.438889,7.91,F9V,50,60,z?,C
Carina,AB Pic,94.80375,-58.054444,9.13,K1V(e),45,60,"z,S",H
Carina,CD-40 2458,96.52875,-41.048333,10.00,K0V,11.6,,100,C
Carina,CD-48 2324,97.025417,-48.448056,11.08,G9V,7.8,,90,C
Carina,D-37 2984,99.945417,-37.836111,10.72,K1V,16.3,,,C
Carina,HD 49855,100.9425,-71.976389,8.94,G6V,56,90,"z,S",H
Carina,CD-41 2572,101.407917,-41.211389,10.82,K0V,12.4,,60,C
Carina,CD-36 3202,103.195,-36.604722,11.22,K2V(e),9.6,,100,C
Carina,HD 51797,104.097917,-46.781944,9.84,K0V(e),14.3,,90,C
Carina,HD 55279,105.127083,-79.696111,10.11,K2V,64,70,"z,S",H
Carina,CD-39 3026,105.465833,-39.367778,11.05,G9V(e),7.2,,,C
Carina,CD-57 1709,110.34875,-57.343611,10.72,K0V,100,70,S,
Carina,CD-63 408,126.02375,-63.5675,9.87,G5V,104,100,"S,m",
Carina,CD-61 2010,130.501667,-62.307222,10.95,K0V,147,100,"S,m",
Carina,CD-53 1875,131.469583,-53.457778,10.29,G2V,145,90,"S,m",
Carina,CD-75 392,132.5225,-75.910556,10.59,G9V,101,80,S,
Carina,CD-53 2515,132.984583,-53.9325,11.06,G9V,141,100,S,*
Carina,TYC8582-3040,134.440417,-54.143611,11.71,K2IV(e),159,100,"S,m",
Carina,CD-49 4008,134.4675,-49.6975,10.51,G9V,111,100,"S,m",
Carina,CD-54 2499,134.87,-54.780278,10.08,G5IV,106,100,"S,m",
Carina,CP-55 1885,135.01375,-55.64,10.83,G5V,122,100,S,
Carina,CD-55 2543,137.372083,-55.640833,10.20,G8V,133,100,S,
Carina,CD-54 2644,138.320417,-55.484167,11.36,G5V,132,100,S,
Carina,V479 Car,140.895833,-61.193333,10.86,K1V(e),85,90,"S,m",H
Carina,HD 83096,142.85375,-73.746944,7.49,F2V,79,90,s,*;H
Carina,HIP 46720B,142.855,-73.7475,10.02,G9V,79,80,S,*;H
Carina,CP-52 2481,143.10875,-52.627778,10.86,G8V,139,100,S,
Carina,CP-62 1293,145.786667,-63.217778,10.44,G6V,77,100,"S,m",
Carina,HD 86021,148.545833,-53.641111,10.73,G5V,,7.3,60,*;C
Carina,HD 2989369,153.310833,-52.515,9.79,K3Ve,19.3,,,C
Carina,CD-54 4320,176.465833,-55.346111,10.24,K5Ve,44,80,S,
Carina,HD 107722,185.870833,-77.680833,8.30,F6,67,60,g,
Carina,CD-51 6700,186.985,-52.183333,10.00,K0V,15.0,,,C
Carina,T9486-0927,321.365,-81.641111,11.85,M2Ve,26.4,,,C
TW Hya,TWA 21,153.310833,-52.515,9.79,K3Ve,19.2,,70,C
TW Hya,TWA 7,160.625417,-33.671111,11.65,M2Ve,28,100,"W,S",
TW Hya,TWA 1,165.46625,-34.704722,11.07,K6Ve,53,100,"G,S",
TW Hya,TWA 2,167.3075,-30.027778,11.43,M2Ve,41,90,"G,S",*
TW Hya,TWA 3B,167.615833,-37.531389,13.07,M4Ve,37,90,G,*
TW Hya,TWA 3A,167.61625,-37.531111,12.57,M4Ve,37,90,G,*
TW Hya,TWA 13A,170.321667,-34.779444,11.46,M1Ve,55,100,St,*
TW Hya,TWA 13B,170.3225,-34.780556,11.96,M1Ve,55,100,St,*
TW Hya,TWA 4,170.522083,-24.777778,9.42,K5V,44,100,"G,S",*
TW Hya,TWA 5A,172.980417,-34.6075,12.12,M2Ve,45,90,"G,S",*
TW Hya,TWA 5B,172.980833,-34.608056,20.40,M8Ve,45,90,W,
TW Hya,TWA 8A,173.171667,-26.865556,12.23,M3Ve,39,100,W,
TW Hya,TWA 8B,173.171667,-26.869167,15.3,M5Ve,40,100,W,
TW Hya,TWA 26,174.962917,-31.989167,20.5,M8Ve,41,100,Gi,
TW Hya,TWA 9B,177.09875,-37.48,14.00,M1Ve,68,90,"W,S",
TW Hya,TWA 9A,177.100833,-37.480278,11.26,K5Ve,68,100,"W,S",
TW Hya,TWA 27,181.889167,-39.548333,20.2,M8Ve,53,100,Gi,
TW Hya,TWA 25,183.877917,-29.811944,11.44,M1Ve,51,100,"So,S",
TW Hya,TWA 20,187.90875,-45.983056,13.3,M3Ve,73,100,R,
TW Hya,TWA 16,188.735,-45.635278,12.8,M1Ve,70,100,Zb,*
TW Hya,TWA 10,188.7675,-41.610833,12.96,M2Ve,52,100,W,
TW Hya,TWA 11B,189.0025,-39.871111,12.80,M2Ve,67,90,"Zb,S",H
TW Hya,TWA 11A,189.004583,-39.869444,5.78,A0V,67,100,Zb,H
epsilon Cha,EG Cha,129.234167,-78.946111,11.36,K4Ve,99,100,"S,m",*
epsilon Cha,eta Cha,130.33125,-78.963333,5.46,B8V,97,90,m,H
epsilon Cha,RS Cha,130.800833,-79.07,6.80,A7+A8,98,100,m,*;H
epsilon Cha,EQ Cha,131.987083,-78.915,13.92,M3e,122,100,"m,c",*
epsilon Cha,HD 82879,142.087917,-78.259722,8.99,F6V,120,80,c,
epsilon Cha,CP-68 1388,164.455417,-69.233333,10.39,K1V(e),112,70,S,
epsilon Cha,DZ Cha,177.382917,-78.850278,12.9,M0Ve,110,100,"L,g,c",
epsilon Cha,T Cha,179.30625,-79.358889,12.0,K0Ve,109,100,"M,T,Z",
epsilon Cha,GSC9415-2676,179.612083,-77.9125,14.29,M3e,123,100,"L,T",
epsilon Cha,EE Cha,179.6475,-77.825278,6.73,A7V,105,100,"M,Z",H
epsilon Cha,epsilon Cha,179.906667,-78.221944,5.34,B9V,111,100,M,*;H
epsilon Cha,HIP 58490,179.92625,-76.023889,11.31,K4Ve,93,90,"S,M,T,Z",H
epsilon Cha,DX Cha,180.02125,-78.193056,6.73,A8Ve,116,100,"M,T",*;H
epsilon Cha,HD 104237D,180.034583,-78.194444,14.28,M3Ve,116,100,F,
epsilon Cha,HD 104237E,180.03875,-78.195,12.08,K4Ve,116,100,F,
epsilon Cha,HD 104467,180.412917,-78.988056,8.56,G3V(e),104,100,"S,T,Z",
epsilon Cha,GSC9420-0948,180.515833,-78.883611,12.48,M0e,120,100,c,
epsilon Cha,GSC9416-1029,181.150833,-77.526389,13.81,M2e,123,100,"Z,T",*
epsilon Cha,HD 105923,182.90875,-71.176667,9.16,G8V,115,80,S,
epsilon Cha,TYC8986-0497,184.125417,-67.196667,11.56,1.44,4,7.9,,C
epsilon Cha,GSC9239-1495,184.93125,-74.065833,13.08,M0e,105,100,"Z,T",
epsilon Cha,GSC9239-1572,185.09125,-74.1275,12.85,K7e,110,100,"Z,T",*
epsilon Cha,CD-74 712,189.838333,-75.044167,10.30,K3e,103,90,"S,T,Z",
epsilon Cha,CD-69 1055,194.606667,-70.480278,9.95,K0Ve,101,80,S,
epsilon Cha,MP Mus,200.531667,-69.636667,10.35,K1Ve,103,80,"S,g",
eta Cha,RECX 18,129.044167,-79.138333,17.66,M5e,,,So,
eta Cha,RECX 17,129.714583,-79.270556,16.82,M5e,,,So,
eta Cha,RECX 14,130.3775,-78.885278,17.07,M5e,,,L,
eta Cha,RECX 3,130.405,-79.058611,14.37,M3e,,,M,
eta Cha,RECX 13,130.43625,-79.048056,7.27,A1V,,,M,
eta Cha,RECX 4,130.59875,-79.067778,12.73,M1e,,,M,
eta Cha,RECX 5,130.61375,-78.963333,15.20,M4e,,,M,
eta Cha,RECX 6,130.6625,-78.912222,14.08,M3e,,,M,
eta Cha,RECX 7,130.782083,-79.081111,10.89,K6e,,,M,*
eta Cha,RECX 15,130.826667,-79.089167,13.97,M3e,,,L,
eta Cha,RECX 16,131.037917,-78.562778,17.5,M5e,,,So,
eta Cha,RECX 9,131.069167,-78.985833,15.75,M4e,,,M,*
eta Cha,RECX 10,131.134167,-78.775556,12.53,M0e,,,M,
eta Cha,RECX 11,131.7575,-78.993056,11.13,K6e,,,M,
Octans,CD-58 860,62.981667,-58.029722,10.01,G6V,82,90,S,
Octans,CD-43 1451,67.61375,-42.813056,10.75,G9V(e),120,80,S,
Octans,CD-72 248,76.710833,-72.353333,10.91,K0IV,143,100,S,
Octans,HD 274576,82.214167,-46.471667,10.57,G6V,116,100,S,
Octans,CD-47 1999,85.88375,-47.686389,10.19,G0V,167,100,S,
Octans,TYC7066-1037,89.549167,-35.013611,11.24,G9V,149,100,S,
Octans,CD-66 395,96.301667,-66.486111,10.92,K0IV,147,100,S,
Octans,CD-30 3394A,100.020417,-30.550833,9.84,F6V,141,70,s,
Octans,CD-30 3394B,100.02375,-30.5525,10.24,F9V,161,80,S,
Octans,GSC9415-1685,177.620417,-77.077222,11.98,K2e,83,100,"c,z",C
Octans,HD 155177,265.5375,-86.134722,8.88,F5V,159,100,s,
Octans,TYC9300-0529,282.437917,-71.949444,11.59,K0V,196,100,S,
Octans,TYC9300-0891,282.452917,-71.952778,11.43,K0V(e),175,100,S,*
Octans,CP-79 1037,296.76625,-78.961944,11.16,G8V,164,100,S,
Octans,CP-82 784,298.48625,-82.678333,10.87,K1V,152,100,S,
Octans,CD-87 121,359.57375,-86.44,9.98,G8V,122,100,S,
Argus IC2391,PMM 7422,127.19,-52.090833,10.49,G6,120,100,"p,m",
Argus IC2391,PMM 7956,127.46625,-51.677778,11.62,Ke,141,100,p,
Argus IC2391,PMM 1560,127.468333,-53.366667,10.66,G3,135,95,p,
Argus IC2391,PMM 6974,128.575417,-52.266111,12.26,,147,100,p,
Argus IC2391,PMM 4280,128.585417,-52.834722,10.34,G5,145,95,p,
Argus IC2391,PMM 6978,128.755,-52.233611,12.07,,128,100,p,
Argus IC2391,PMM 2456,128.932083,-53.355556,12.20,K3e,135,100,p,
Argus IC2391,PMM 351,129.100833,-54.018333,10.18,G0,128,100,p,
Argus IC2391,PMM 3359,129.229167,-53.142778,11.51,,137,100,p,
Argus IC2391,PMM 5376,129.259583,-52.783056,14.30,Me,132,100,p,
Argus IC2391,PMM 4324,129.445833,-52.87,9.66,F5V,137,100,p,
Argus IC2391,PMM 665,129.465,-53.762778,11.35,G8,139,100,p,
Argus IC2391,PMM 4336,129.481667,-52.953056,11.58,G9,139,100,p,
Argus IC2391,PMM 4362,129.595417,-52.946667,10.97,,147,100,p,
Argus IC2391,PMM 4413,129.732083,-52.964444,11.06,G2,141,100,p,*
Argus IC2391,PMM 686,129.844167,-53.918333,12.63,Ke,137,100,p,
Argus IC2391,PMM 4467,129.970833,-52.965833,11.86,K0(e),137,100,p,
Argus IC2391,PMM 1083,130.025833,-53.635278,10.45,G0,139,100,"p,m",
Argus IC2391,PMM 8415,130.067917,-52.941389,11.84,G9(e),141,100,p,
Argus IC2391,PMM 1759,130.07625,-53.508056,13.54,K3e,135,100,p,
Argus IC2391,PMM 1142,130.204583,-53.629167,11.08,G6,147,100,p,
Argus IC2391,PMM 1174,130.344583,-53.635833,9.54,F3V,139,100,p,
Argus IC2391,PMM 1820,130.357917,-53.378056,12.56,K3e,154,90,p,
Argus IC2391,PMM 4636,130.490833,-52.870556,13.57,K7e,135,100,p,
Argus IC2391,PMM 3695,130.5775,-53.0325,13.96,M2e,137,100,p,
Argus IC2391,PMM 756,130.751667,-53.902222,11.16,G9,149,100,p,
Argus IC2391,PMM 5811,130.824583,-52.603056,9.16,F2V,145,100,p,
Argus IC2391,PMM 2888,130.967917,-53.233333,9.76,F5,135,100,p,
Argus IC2391,PMM 2012,130.995833,-53.562222,11.67,K0(e),135,100,p,
Argus IC2391,PMM 4809,131.021667,-52.888056,10.85,G3(e),154,100,p,
Argus IC2391,PMM 1373,131.0425,-53.726111,12.25,,141,100,p,
Argus IC2391,PMM 5884,131.109167,-52.708889,11.46,G9(e),139,100,p,
Argus IC2391,PMM 4902,131.362083,-52.867222,12.76,K3e,133,100,p,
Argus IC2391,PMM 6811,131.412917,-52.433333,9.91,F8Ve,135,100,"p,m",
Argus IC2391,PMM 2182,131.45,-53.430833,10.22,G2(e),152,100,p,
Argus,BW Phe,14.23125,-51.875556,9.62,K3Ve,56,90,S,*
Argus,CD-49 1902,87.436667,-49.307222,11.37,G7V,133,90,S,
Argus,CD-56 1438,92.970833,-56.318056,11.11,K0V,101,95,S,
Argus,CD-28 3434,102.439167,-28.988056,10.38,G7V,109,90,S,
Argus,CD-42 2906,105.4725,-42.465556,10.61,K1V,96,100,S,
Argus,CD-48 2972,112.091667,-49.143889,9.84,G8V,85,100,S,
Argus,CD-48 3199,116.858333,-49.0475,10.61,G7V,95,100,"S,m",
Argus,CD-43 3604,117.206667,-43.451667,10.88,K4Ve,79,100,S,
Argus,TYC8561-0970,118.48125,-57.168611,11.50,K0V,133,100,"S,m",
Argus,HD 67945,122.410833,-20.230556,8.08,F0V,64,95,s,
Argus,CD-58 2194,129.798333,-58.574444,10.11,G5V,106,100,"S,m",
Argus,CD-57 2315,132.53375,-57.766389,10.21,K3Ve,94,100,"S,m",
Argus,TYC8594-0058,135.51625,-58.147222,11.30,G8V,141,100,"S,m",
Argus,CD-62 1197,138.37625,-62.985833,10.46,K0V(e),111,100,"S,m",
Argus,TYC7695-0335,142.225417,-41.021944,11.70,K3V,143,100,S,
Argus,HD 84075,144.074167,-78.345,8.59,G1,63,100,g,H
Argus,BD-20 2977,144.964583,-21.571389,10.22,G9V,92,85,S,C
Argus,TYC8945-1078,145.647083,-62.476389,12.02,M0V,33.1,,0.75,C
Argus,TYC9217-0641,145.6975,-72.663889,12.40,K1V,132,100,S,
Argus,CD-39 5883,146.832917,-40.052778,10.89,K0V,100,95,S,
Argus,HD 85151A,147.180417,-44.902222,9.61,G7V,69,95,S,
Argus,HD 85151B,147.18125,-44.9025,10.21,G9V,69,100,S,
Argus,CD-65 817,147.2875,-65.6725,10.33,G5V,141,100,"S,m",*
Argus,HD 309851,148.992917,-67.356111,9.90,G1V,103,100,"S,m",
Argus,HD 310316,162.48375,-69.856111,10.82,G8V,128,100,S,*
Argus,CP-69 1432,163.464583,-70.037778,10.66,G2V,164,100,S,
Argus,HD 103742,179.17625,-32.268056,7.63,G3V,32,,S,C
Argus,HD 103743,179.1825,-32.2675,7.83,G4V,32,,S,C
Argus,CD-42 7422,181.637083,-42.7975,10.66,K0V,115,85,S,C
Argus,AF Cru,184.779583,-63.165,10.02,K0V,211,0.90,,*;C
Argus,CD-74 673,185.143333,-75.658056,10.72,K3Ve,50,90,"S,g",
Argus,V347 Hya,203.739167,-29.923333,9.26,G3V,83,75,S,*;C
Argus,CD-75 652,207.30375,-75.83,9.67,G1V,81,95,"s,g",
Argus,HD 129496,221.589167,-67.771111,8.78,F7V,85,95,s,
Argus,NY Aps,228.0975,-75.254167,9.42,G9V,50,90,S,H
Argus,CD-52 7875,254.98,-52.772222,10.75,G9V,8.8,0.90,,C
Argus,HD 160257,264.981667,-23.061389,8.61,G2V,,12.3,1.00,C
Argus,CD-52 9381,301.849167,-51.790833,10.59,K6Ve,29,95,S,
AB Dor,PW And,4.587083,30.956111,9.14,K2V(e),27,100,Z,
AB Dor,HD 4277,11.462083,54.977778,7.80,F8V,49,95,Z,*;H
AB Dor,HD 6569,16.609167,-14.296389,9.50,K1V,50,100,"Z,S",H
AB Dor,BD-12 243,20.134167,-11.4675,8.43,G9V,35,100,"Z,S",H
AB Dor,CD-46 644,32.730833,-46.066389,11.24,K3IVe,70,90,S,
AB Dor,HD 13482,33.064167,23.958333,7.94,K1V,32,100,Z,H
AB Dor,HIP 12635,40.5875,38.6225,10.28,K2V,49,100,Z,
AB Dor,HD 16760,40.58875,38.618611,8.77,G2V,48,100,Z,
AB Dor,HD 17332B,41.863333,19.3725,8.11,G6V,33,100,Z,*;H
AB Dor,HD 17332A,41.864167,19.371944,7.32,G1V,33,100,Z,*;H
AB Dor,IS Eri,47.42625,-9.579722,8.48,G0V,40,100,L,H
AB Dor,HIP 14807,47.80125,22.423056,10.47,K6,45,100,Z,
AB Dor,HIP 14809,47.8075,22.415833,8.51,G5V,50,100,Z,H
AB Dor,V577 Per,53.30625,46.2575,8.26,G5V,34,100,Z,H
AB Dor,HD 21845B,53.308333,46.255278,11.20,M0Ve,34,100,Z,H
AB Dor,HIP 17695,56.847083,-1.972222,11.51,M3Ve,16,100,"Z,S,z",
AB Dor,HD 24681,58.835,-1.729167,9.05,G8V,53,100,"S,z",
AB Dor,HD 25457,60.652917,-0.268889,5.38,F6V,19,100,Z,H
AB Dor,HD 25953,61.672917,1.683889,7.83,F5,55,100,Z,H
AB Dor,TYC5899-0026,73.101667,-16.822778,11.61,M3Ve,16,100,S,
AB Dor,CD-56 1032B,73.377083,-55.858889,12.10,M3Ve,11,100,S,
AB Dor,CD-56 1032A,73.38,-55.860278,11.16,M3Ve,11,100,S,
AB Dor,HD 31652,74.342917,-9.133333,9.98,G8V,88,95,S,
AB Dor,CD-40 1701,75.626667,-39.986944,10.57,K4V,42,100,S,
AB Dor,HD 32981,76.615417,-15.825,9.13,F9V,81,100,S,
AB Dor,HD 293857,77.790417,-4.181667,9.26,G8V,78,100,S,
AB Dor,HD 33999,78.149167,-34.48,9.37,F8V,106,100,s,
AB Dor,HD 35650,81.125833,-38.969722,9.08,K6V,18,100,"Z,S",H
AB Dor,AB DorB,82.185,-65.446389,13.2,M4Ve,15,100,"Z,S",*;H
AB Dor,AB Dor,82.186667,-65.448889,6.88,K0Ve,15,100,"Z,S",H
AB Dor,UX Col,82.235417,-33.471111,10.46,K3Ve,57,100,S,
AB Dor,CD-34 2331,83.767083,-34.297778,11.84,K3Ve,78,100,S,
AB Dor,HIP 26369,84.229583,-47.963333,9.81,K6Ve,24,100,"Z,S",H
AB Dor,UY Pic,84.237083,-47.964722,7.84,K0V,24,100,"Z,S",H
AB Dor,WX Col,84.30375,-42.715556,9.55,G7V,75,100,S,*;H
AB Dor,HIP 26401B,84.305,-42.715833,10.65,K1V,75,100,S,*;H
AB Dor,Par 2752,84.735833,-6.411389,10.91,G8V,116,100,S,
AB Dor,CP-19 878,84.846667,-19.558056,10.71,K1V,71,100,S,
AB Dor,TYC7605-1429,85.31,-41.299722,12.29,K4IVe,128,100,S,
AB Dor,CD-26 2425,86.055833,-26.104167,10.88,K2Ve,70,100,S,
AB Dor,TZ Col,88.066667,-28.656944,9.04,G3V,88,90,S,H
AB Dor,TY Col,89.461667,-38.0675,9.56,G6V(e),68,100,S,
AB Dor,BD-13 1328,90.59125,-13.925833,10.58,K4V(e),39,95,S,
AB Dor,CD-34 2676,92.14125,-34.048611,10.17,G9Ve,72,100,S,
AB Dor,CD-35 2722,92.33,-35.825278,10.98,M1Ve,24,100,S,
AB Dor,HD 45270,95.62875,-60.218611,6.53,G1V,23,100,"Z,S",H
AB Dor,GSC8894-0426,96.48375,-60.0575,12.7,M3Ve,23,100,Z,H
AB Dor,AK Pic,99.501667,-61.533333,6.27,G2V,22,100,"Z,S",*;H
AB Dor,CD-61 1439,99.958333,-61.478333,9.71,K7V(e),22,100,"Z,S",H
AB Dor,TYC7627-2190,100.327083,-38.343333,11.08,K2Ve,78,100,S,
AB Dor,GSC8544-1037,101.9725,-57.225556,11.8,K4V,143,95,s,
AB Dor,CD-57 1654,107.710833,-57.612778,10.44,G2V,103,100,S,
AB Dor,BD+20 1790,110.931667,20.416389,9.93,K5Ve,26,100,"L,S",
AB Dor,HD 59169,111.57375,-49.680833,10.22,G7V,118,90,S,H
AB Dor,V372 Pup,112.214583,-30.246389,10.13,M1Ve,13,95,"Z,S",*
AB Dor,CD-84 80,112.747917,-84.324444,9.96,G9V,71,100,S,
AB Dor,HD 64982,116.397917,-79.669167,8.96,G0V,83,95,S,*;H
AB Dor,BD-07 2388,123.4625,-7.640278,9.38,K1V(e),93,100,S,
AB Dor,CD-45 5772,151.855,-46.363889,10.89,K4V,70,95,S,
AB Dor,BD+01 2447,157.231667,0.841111,9.65,M2V,6.6,100,"L,z",
AB Dor,HD 99827,171.32375,-84.954444,7.70,F5,83,95,c,*;H
AB Dor,PX Vir,195.957083,-5.161944,7.69,K1V,22,100,"Z,S",H
AB Dor,HD 139751,235.118333,-18.696111,10.44,K5Ve,37,100,"Z,S",*
AB Dor,HIP 81084,248.423333,-9.553333,11.30,M0e,30,100,"Z,S",
AB Dor,HD 152555,253.53375,-4.340278,7.82,G0,48,100,Z,H
AB Dor,HD 317617,262.231667,-32.7325,10.45,K3V,56,85,S,
AB Dor,HD 159911,264.44375,-13.246389,10.10,K4Ve,45,100,S,
AB Dor,HD 160934,264.665,61.237778,10.45,K7Ve,33,100,Z,*
AB Dor,HD 176367,285.275,-28.713889,8.48,G1V,63,95,s,H
AB Dor,HD 178085,287.74125,-60.272222,8.34,G1V,57,100,S,H
AB Dor,TYC0486-4943,293.265833,3.761111,11.29,K3V,71,100,S,
AB Dor,HD 189285,299.850417,-4.535,9.43,G7V,95,90,S,
AB Dor,BD-03 4778,301.205833,-2.655556,10.02,K1V,70,100,S,
AB Dor,HD 199058,313.587917,9.04,8.61,G5V,75,100,S,
AB Dor,TYC1090-0543,313.616667,9.101944,11.29,K4Ve,75,100,S,
AB Dor,HD 201919,318.272083,-17.486944,10.64,K6Ve,39,100,S,
AB Dor,LO Peg,322.757083,23.335278,9.19,K5Ve,25,100,Z,H
AB Dor,HD 207278,327.202083,-39.486111,9.66,G7V,84,100,S,H
AB Dor,HIP 107948,328.043333,5.626667,12.11,M2Ve,30,100,"S,z",
AB Dor,HIP 110526A,335.87125,32.459444,11.45,M3e,15,100,Z,*
AB Dor,HIP 110526B,335.87125,32.458889,11.55,M3e,15,100,Z,*
AB Dor,HD 217343,345.080417,-26.153889,7.49,G5V,32,100,"Z,S",H
AB Dor,HD 217379,345.116667,-26.311944,10.45,K7V,33,100,"Z,S",*
AB Dor,HIP 114066,346.52,63.926111,10.87,M1e,25,100,Z,H
AB Dor,HD 218860A,347.967083,-45.136389,8.75,G8V,51,100,"Z,S",H
AB Dor,HD 218860B,347.973333,-45.133333,13.8,M3Ve,51,100,S,H
AB Dor,HIP 115162,349.914583,42.252778,8.94,G4,49,100,Z,H
AB Dor,HD 222575,355.47625,-35.977778,9.39,G8V,62,100,S,H
AB Dor,HD 224228,359.044583,-39.052222,8.22,K2V,22,100,"Z,S",H
